<?xml version="1.0" encoding="UTF-8"?>
<!DOCTYPE configuration>
<configuration debug="false">

	<property name="HOME_LOG" value="logs/application.log"/>

    <appender name="CONSOLE" class="ch.qos.logback.core.ConsoleAppender">
        <encoder> <!-- class="ch.qos.logback.​classic.encoder.​PatternLayoutEncoder" -->
        	<!-- To supresses the full stack trace in error messages, add %nopex to the pattern -->
            <pattern>
                %-5level - %msg%n
            </pattern>
        </encoder>
    </appender>

    <appender name="FILE-ROLLING" class="ch.qos.logback.core.rolling.RollingFileAppender">
        <file>${HOME_LOG}</file>

        <rollingPolicy class="ch.qos.logback.core.rolling.SizeAndTimeBasedRollingPolicy">
            <fileNamePattern>logs/archived/application.%d{yyyy-MM-dd}.%i.log.gz</fileNamePattern>
            <!-- each archived file, size max 100MB -->
            <maxFileSize>100MB</maxFileSize>
            <!-- total size of all archive files, if total size > 20GB, it will delete old archived file -->
            <totalSizeCap>400MB</totalSizeCap>
            <!-- 10 days to keep -->
            <maxHistory>10</maxHistory>
        </rollingPolicy>

        <encoder>
            <pattern>%d %p %c{1} %m%n</pattern>
        </encoder>
    </appender>
    
    <logger name="com.fidelity" level="debug" additivity="false">
        <appender-ref ref="CONSOLE"/>
        <appender-ref ref="FILE-ROLLING" />
    </logger>

    <logger name="ch.qos.logback" level="warn" additivity="false">
        <appender-ref ref="CONSOLE"/>
    </logger>

    <root level="error">
        <appender-ref ref="CONSOLE"/>
        <appender-ref ref="FILE-ROLLING" />
    </root>

</configuration>
