<?xml version="1.0" encoding="UTF-8"?>
<configuration>
    <include resource="org/springframework/boot/logging/logback/base.xml" />
    <springProfile name="dev">
        <logger name="com.fidelity" level="DEBUG" additivity="false">
            <appender-ref ref="CONSOLE" />
        </logger>
    </springProfile>
    <springProfile name="test">
        <logger name="com.fidelity" level="DEBUG" additivity="false">
            <appender-ref ref="CONSOLE" />
            <appender-ref ref="FILE" />
        </logger>
    </springProfile>
    <springProfile name="prod">
        <logger name="com.fidelity" level="WARN" additivity="false">
            <appender-ref ref="FILE" />
        </logger>
    </springProfile>
 </configuration>