{
    "result": [{
        "firstname": "Joe",
        "lastname": "Smith",
        "title": "Mr.",
        "company": "Dev Inc.",
        "jobtitle": "Developer",
        "primarycontactnumber": "+359777123456",
        "othercontactnumbers": [
            "+359777456789",
            "+359777112233"
        ],
        "primaryemailaddress": "joe.smith@xyz.com",
        "emailaddresses": [
            "j.smith@xyz.com"
        ],
        "groups": [
            "Dev",
            "Family"
        ]
    },
    {
        "firstname": "John",
        "lastname": "Douglas",
        "title": "Mr.",
        "company": "Fidelity",
        "jobtitle": "Manager",
        "primarycontactnumber": "+359777223344",
        "othercontactnumbers": [],
        "primaryemailaddress": "john.douglas@xyz.com",
        "emailaddresses": [
            "j.douglas@xyz.com"
        ],
        "groups": [
            "Dev"            
        ]
    }]
}
